Division,Violent Crime,Property Crime,Drug Offences,DV-Related,Other Crimes,Total Crimes,IRSD Score,IRSD Decile,IRSDA Score,IRSDA Decile,IER Score,IER Decile,IEO Score,IEO Decile,Usual Resident Population,Violent_DV_Crime,log_vdv_crime,scaled_log_vdv_violence
Acacia Ridge,835.8268768367619,6371.894202511355,558.3756345177665,193.42773176596313,1533.1285065455518,9492.652952177397,856.1608766,1.0,871.8165081,1.0,877.0988969,1.0,906.705159,2.0,7486.0,1029.254608602725,6.93756124349475,0.3448044959732699
Agnes Water,202.27189446683767,805.7896665445218,279.2231586661781,57.163796262367164,923.415170392085,2267.86368633199,968.2527393,3.0,929.1264616,3.0,969.9501158,3.0,918.8405564,3.0,2729.0,259.43569072920485,5.562355962114451,-1.1788384324719476
Albany Creek,208.91058895331096,1166.066524259994,159.04790967348185,37.77845590479097,499.54226426609705,2071.3457430576746,1086.676675,10.0,1068.768212,9.0,1090.198282,9.0,1047.041146,9.0,16385.0,246.68904485810194,5.512174108057025,-1.2344368424737808
Allora,254.77178423236512,769.2946058091287,549.3775933609959,60.58091286307054,1034.0248962655603,2668.04979253112,950.7541252,2.0,921.8987704,2.0,964.6733182,2.0,910.3051064,2.0,1205.0,315.35269709543564,5.7568577212257,-0.9633424379084597
Alpha,107.3345259391771,454.3828264758497,153.84615384615387,39.35599284436494,606.4400715563506,1361.3595706618962,1013.441709,5.0,978.3788243,5.0,1020.99695,5.0,936.6756614,3.0,559.0,146.69051878354205,4.995118995083834,-1.8073021282348418
Anakie,573.5694822888283,897.8201634877385,1128.0653950953679,141.68937329700273,2260.217983651226,5001.362397820164,1054.555693,8.0,1020.222477,7.0,1066.21982,8.0,995.6486647,6.0,734.0,715.258855585831,6.574041631772177,-0.05795289105212334
Annerley,301.48852072996385,2721.554116558742,187.03220923387437,79.05138339920948,561.5171137835338,3850.643343705324,1035.832646,7.0,1060.526718,9.0,939.6668467,2.0,1110.598596,10.0,11891.0,380.53990412917335,5.944215443234009,-0.7557615973658448
Atherton,430.9943034697048,1650.828586224754,336.61315380631794,141.63645779388918,1498.1874676333507,4058.2599689280164,937.6723101,2.0,910.3529295,2.0,923.2832478,1.0,910.7628356,2.0,7724.0,572.630761263594,6.351985916270739,-0.30397697576551386
Ayr,481.80867139369985,1263.0477740323142,444.03115192374753,179.93723119841914,1539.5792165523653,3908.404045100546,947.6422115,2.0,909.4649683,2.0,940.6070263,2.0,879.3286779,1.0,8603.0,661.745902592119,6.4963916627164044,-0.14398428421770865
Babinda,511.26651126651126,1142.1911421911423,520.5905205905206,101.01010101010101,1564.1025641025642,3839.1608391608393,901.1229308,1.0,885.2596427,1.0,907.0458305,1.0,870.9595604,1.0,1287.0,612.2766122766122,6.4188160776746,-0.22993326446763257
Badu Island,836.6477272727273,579.5454545454546,201.70454545454544,164.77272727272725,657.6704545454546,2440.340909090909,664.0657895,1.0,774.3280906,1.0,653.3216286,1.0,846.1895392,1.0,704.0,1001.4204545454545,6.910172808945749,0.31445979385004513
Bamaga,2030.35413153457,3514.3338954468804,499.1568296795953,534.5699831365936,3133.220910623946,9711.635750421585,790.1275477,1.0,854.4129293,1.0,683.6908621,1.0,945.5311695,4.0,1186.0,2564.9241146711634,7.8500739713443455,1.3558125132700025
Barcaldine,190.9090909090909,451.94805194805195,193.5064935064935,37.66233766233766,761.038961038961,1635.064935064935,1009.629206,5.0,971.6814014,5.0,977.5542077,3.0,961.9161888,5.0,1540.0,228.57142857142856,5.436214216682199,-1.3185957334449931
Bargara,186.19835641112238,741.9790611279973,196.78036699313296,73.28605200945626,464.59529438252844,1662.8391309242375,1004.441823,5.0,982.0546753,5.0,993.8745608,4.0,984.740947,6.0,8883.0,259.48440842057863,5.562543006890015,-1.1786311983568318
Beaudesert,559.8341232227489,1688.0924170616113,310.42654028436016,155.21327014218008,1197.1267772511849,3910.6931279620853,872.7316179,1.0,851.3526478,1.0,914.9560093,1.0,847.0974782,1.0,6752.0,715.0473933649289,6.573746356620521,-0.05828003777185823
Beenleigh,2475.845697329377,9651.632047477746,1350.5044510385758,715.1335311572701,4057.091988130564,18250.207715133532,868.1696461,1.0,856.4339596,1.0,886.4313861,1.0,862.9311679,1.0,8425.0,3190.979228486647,8.068396451182188,1.5977004023215013
Beerwah,464.8306180501681,2561.158520817171,557.2795448668219,138.09154383242824,1806.6976984742696,5528.057926040859,977.0463283,3.0,943.8430339,3.0,1009.976733,5.0,927.584333,3.0,7734.0,602.9221618825964,6.403445318574923,-0.24696312082736857
Biggenden,465.73604060913704,1116.751269035533,291.87817258883246,92.63959390862944,1129.4416243654823,3096.4467005076144,819.8438291,1.0,808.6263709,1.0,872.7828779,1.0,821.4365984,1.0,788.0,558.3756345177665,6.326821223361914,-0.3318579088277718
Biloela,367.18200983836965,1110.8573436401966,390.3724525650035,118.41180604356992,1256.5003513703443,3243.3239634574843,981.9640264,4.0,942.1252034,3.0,976.2369792,3.0,883.791927,1.0,5692.0,485.5938158819396,6.187429721435823,-0.48629512563505206
Blackall,214.65201465201463,341.3919413919414,145.05494505494508,35.16483516483517,678.3882783882784,1414.6520146520147,961.2701113,3.0,932.2667633,3.0,973.77978,3.0,895.2441943,2.0,1365.0,249.8168498168498,5.524722990779714,-1.2205334517006425
Blackbutt,699.6245306633292,2007.5093867334167,1607.0087609511888,157.69712140175218,2729.6620775969964,7201.501877346684,818.6865268,1.0,802.4042478,1.0,884.8531515,1.0,803.5028231,1.0,799.0,857.3216520650814,6.754978915092555,0.14251449803940033
Blackwater,508.0816673755849,1079.5406210123354,281.5823054019566,184.17694598043386,1143.130582730753,3196.5121225010635,966.4536049,3.0,926.8040335,2.0,957.5209786,2.0,865.4256707,1.0,4702.0,692.2586133560187,6.541403109021687,-0.09411436821993162
Boonah,301.5252248728979,1071.1771607352366,277.6691435275714,57.09816190848651,1095.4243253813063,2802.8940164254986,928.0846125,2.0,902.7409922,2.0,949.9275995,2.0,900.0859766,2.0,2557.0,358.62338678138445,5.885057336026084,-0.8213051441569752
Boondall,1119.650109340831,8394.1476621889,1193.7936061647404,267.9371029886494,3071.227741330834,14046.756222013953,1022.224604,6.0,1005.357364,7.0,1002.968876,4.0,999.1019998,6.0,9603.0,1387.5872123294803,7.236042115238515,0.6755029565348004
Bowen,311.82507809013833,882.7309236947791,253.6367692994199,93.70816599732262,987.2378402498884,2529.1387773315487,925.7229134,2.0,897.0795951,2.0,945.5508537,2.0,861.9500628,1.0,11205.0,405.53324408746096,6.007665706916926,-0.6854626050063717
Brisbane City,1894.971001827282,12511.638992611424,3011.2020338444427,176.9285771033606,7892.746484468102,25487.48708985461,1014.501742,5.0,1083.842,10.0,849.8698675,1.0,1129.660394,10.0,12587.0,2071.8995789306427,7.636703668874875,1.119411332370289
Broadbeach,2157.530209254347,14854.111405835545,2661.3616268788683,391.5414087827881,6015.62039493074,26080.165045682286,1016.566914,6.0,1013.815467,7.0,921.3867944,1.0,1029.902746,8.0,6786.0,2549.071618037135,7.843876723262841,1.3489463432930167
Browns Plains,1678.9806996381183,10506.031363088057,880.2774427020506,497.7382388419783,2469.8431845597106,16032.870928829916,893.4549184,1.0,878.5333623,1.0,927.4583048,2.0,873.4451334,1.0,6632.0,2176.7189384800968,7.686033249472541,1.174065475761422
Bundaberg,1135.32141394841,4604.476593421591,1196.6698512351577,367.40821618670674,3524.3619489559164,10828.238023747781,812.1514403,1.0,825.3411271,1.0,817.4386112,1.0,850.7752451,1.2,14654.0,1502.7296301351168,7.31570372115233,0.7637631196992033
Burpengary,573.7506065016981,2254.6700630761766,546.3367297428433,153.74818049490537,1151.8073750606502,4680.312954876274,987.937432,4.0,953.0460628,4.0,1021.106557,5.0,921.434356,3.0,16488.0,727.4987869966035,6.590985960564009,-0.0391796161887428
Caboolture,859.0776731902214,3636.486761021196,753.0304056341844,238.13232206947924,2045.303717749035,7532.030879664116,891.488376,1.0,877.6281534,1.0,943.6345228,2.0,877.0446785,1.0,29534.0,1097.2099952597007,7.001436856296434,0.41557474901338753
Calamvale,247.6381015894187,1707.513615649661,127.70923641213739,43.069912192953204,461.2648660664666,2587.195731910637,1021.849161,6.0,1023.883619,8.0,1027.281129,6.0,1035.884726,8.0,17994.0,290.7080137823719,5.675753349181848,-1.0532010972691719
Calliope,233.5170055101653,357.02071062131864,120.08360250807524,58.331749952498576,627.0188105643169,1395.9718791563746,965.9911357,3.0,924.0524056,2.0,1015.165959,5.0,871.9945561,1.0,5263.0,291.84875546266386,5.679656282783425,-1.0488768867220275
Caloundra,777.0041064095698,3388.859132297804,954.6509551865738,208.17711123013746,2253.793965363328,7582.485270487413,969.8471334,3.5,947.7640682,3.5,951.3250515,2.5,945.3248362,3.5,11202.0,985.1812176397073,6.893840128424834,0.2963641876775114
Cambooya,205.30973451327432,635.3982300884956,62.83185840707965,43.80530973451328,258.40707964601773,1205.7522123893805,987.1206901,4.0,941.9515201,3.0,996.3678251,4.0,925.0413435,3.0,2260.0,249.1150442477876,5.521920989004437,-1.2236378974500846
Canungra,439.4150417827298,2277.158774373259,197.7715877437326,104.45682451253482,1182.4512534818941,4201.25348189415,1039.785451,7.0,996.5008339,6.0,1072.321259,8.0,969.4756247,5.0,1436.0,543.8718662952647,6.300550659305982,-0.3609640791516035
Capalaba,476.3915120542162,2549.7166981446508,672.0364403955116,136.76258193534053,1387.1236529274524,5222.030885457172,1007.68046,5.0,978.9230944,5.0,1018.026747,5.0,954.6070216,4.0,18002.0,613.1540939895567,6.420245864069791,-0.22834914901976708
Capella,313.1416837782341,493.8398357289528,121.1498973305955,50.30800821355236,697.1252566735113,1675.564681724846,966.072139,3.0,921.7311797,2.0,964.7662761,3.0,872.7630051,1.0,974.0,363.44969199178644,5.898388522696259,-0.8065350086922477
Cardwell,578.030303030303,1101.5151515151515,416.6666666666667,153.78787878787878,1659.0909090909092,3909.090909090909,867.8245107,1.0,849.6708172,1.0,884.4286359,1.0,863.3152106,1.0,1320.0,731.8181818181818,6.59689762448523,-0.032629855908682656
Carina,293.0296283610207,3044.870697037164,215.6191128617914,77.75303990409317,679.7396814523034,4311.012159616373,1057.151001,8.0,1056.956402,9.0,1011.745969,5.0,1070.698949,9.0,11678.0,370.78266826511384,5.918309458453388,-0.7844638362605248
Carseldine,443.67383334984646,3198.949767165362,398.8903200237788,93.72832656296443,956.009115228376,5091.251362330328,1067.13261,9.0,1059.066108,9.0,1061.489492,8.0,1051.794702,9.0,10093.0,537.4021599128109,6.288605790047603,-0.37419826013036206
Charleville,549.1310160427807,1069.51871657754,484.62566844919786,116.31016042780749,1519.7192513368984,3739.304812834225,943.4001396,2.0,922.9809374,2.0,926.5199083,1.0,922.3100646,3.0,2992.0,665.4411764705883,6.5019518783653965,-0.13782390702244807
Charters Towers,2168.0937359170794,3726.453357368184,1162.6858945470933,520.5047318611987,4899.95493465525,12477.692654348806,864.2751139,1.0,858.1647408,1.0,854.4566764,1.0,859.4917949,1.0,2219.0,2688.598467778278,7.8971471929703245,1.4079667496015915
Cherbourg,2935.510887772194,3926.2981574539363,1128.9782244556116,1437.1859296482412,5397.822445561139,14825.795644891123,498.1020393,1.0,659.6108474,1.0,560.7790086,1.0,813.6216604,1.0,1194.0,4372.696817420436,8.383363884115644,1.9466649593787047
Childers,908.4423305588584,2976.218787158145,745.5410225921521,214.0309155766944,3306.7776456599286,8151.010701545779,858.6049707,1.0,849.8860956,1.0,890.289699,1.0,852.1963038,1.0,1682.0,1122.473246135553,7.024180278378391,0.4407730628164276
Chinchilla,351.86757215619696,1606.5365025466892,809.564233163554,80.36219581211091,1346.2082625919638,4194.538766270515,954.34794,3.0,926.832126,2.0,963.1090146,2.0,903.2746278,2.0,7068.0,432.2297679683079,6.071268229220973,-0.6149949194528568
Clermont,254.4037940379404,510.5013550135501,164.63414634146343,41.327913279132794,578.5907859078591,1549.4579945799458,990.951981,4.0,943.0617206,3.0,987.7481691,3.0,880.4595213,1.0,2952.0,295.7317073170732,5.692828388176343,-1.0342830035349941
Cleveland,440.0,2414.0694006309145,468.64353312302836,115.58359621451105,1341.198738170347,4779.495268138801,1012.672676,5.0,1003.845037,7.0,1006.541988,4.0,997.2076845,6.0,15850.0,555.5835962145111,6.321817377249866,-0.3374018627718672
Clifton,291.2751677852349,648.993288590604,163.75838926174495,53.691275167785236,707.3825503355705,1865.1006711409398,870.60132,1.0,851.6149398,1.0,906.1727021,1.0,880.5915537,1.0,1490.0,344.96644295302013,5.846341784669396,-0.8641995955120982
Cloncurry,758.4464793179665,940.9535838332807,315.75623618566465,174.61319861067255,1579.7284496368804,3769.497947584465,972.3676284,3.0,943.8131382,3.0,942.582176,2.0,903.0061251,2.0,3167.0,933.0596779286391,6.839540331186187,0.23620334972927887
Collinsville,417.78074866310163,750.6684491978609,338.2352941176471,104.94652406417113,1203.8770053475935,2815.5080213903743,901.2395198,1.0,875.3984456,1.0,922.7227741,1.0,829.3487804,1.0,1496.0,522.7272727272727,6.260971076934013,-0.4048158237662964
Cooktown,749.4537509104151,1245.4479242534594,509.10415149308085,312.09031318281137,2256.3729060451565,5072.469045884924,930.335295,2.0,916.3192176,2.0,905.5296298,1.0,942.2118076,4.0,2746.0,1061.5440640932266,6.968421372026372,0.37899562165082806
Coolangatta,741.3341549838237,4806.655368972423,637.498074256663,160.99214296718534,1965.0285010013865,8311.508242181482,1000.460387,5.0,992.0467599,6.0,942.3604694,2.0,1000.863942,7.0,6491.0,902.3262979510091,6.806083836929193,0.19913561040670058
Coolum,416.8487762237762,2168.81555944056,414.5541958041958,122.37762237762239,1349.541083916084,4472.137237762237,1029.756915,6.0,1007.679615,7.0,1018.227624,5.0,1002.112594,7.0,9152.0,539.2263986013986,6.291988308364057,-0.37045063773319625
Coomera,834.610630407911,4234.758961681088,621.6069221260816,185.01854140914708,1657.6514215080347,7533.646477132262,1001.586838,5.0,993.3258674,6.0,1017.057704,5.0,980.5232249,6.0,20225.0,1019.629171817058,6.928174551228496,0.33440461787026066
Cooroy,220.57904603207666,778.5877942095398,210.78941887106853,52.2807748385753,669.027285982087,1931.2643199333472,993.7175986,4.0,960.9346065,4.0,1002.065242,4.0,941.8931027,4.0,4801.0,272.85982087065196,5.612616372812922,-1.1231529865401124
Coorparoo,179.68232958305757,1620.3948819766158,149.23891462607546,43.348775645268034,385.5614383410545,2378.2263401720716,1077.713858,9.0,1098.946694,10.0,1016.221873,5.0,1120.48645,10.0,18132.0,223.0311052283256,5.411784904840971,-1.3456619094825886
Crestmead,1481.8678184337055,5004.319126395567,729.0359383913292,449.678102844104,2183.766604188738,9848.667590253443,861.6202216,1.0,849.9825694,1.0,933.8319093,2.0,839.6324498,1.0,12271.0,1931.5459212778094,7.566593542806836,1.041733621818776
Crows Nest,349.4575045207957,778.0289330922242,242.3146473779385,67.35985533453888,587.251356238698,2024.4122965641952,907.1048042,1.0,883.5389068,1.0,927.4164937,1.0,887.1544241,2.0,2212.0,416.81735985533453,6.035044398894337,-0.6551286970536678
Cunnamulla,1150.0405515004056,2577.4533657745337,817.5182481751825,270.88402270884023,2802.1086780210867,7618.004866180048,838.4341122,1.0,858.2831368,1.0,819.9996642,1.0,899.8217205,2.0,1233.0,1420.9245742092457,7.259766566909463,0.7017881908260759
Dalby,352.9550086220411,1220.2539583006742,628.9387051261954,97.66421069133092,1735.1465746982287,4034.95845743847,955.8738989,3.0,921.759958,2.0,966.4808485,3.0,901.5668236,2.0,12758.0,450.619219313372,6.112839389636918,-0.5689366287724696
Dayboro,273.14814814814815,744.1077441077441,125.42087542087543,50.925925925925924,376.26262626262627,1569.8653198653199,1072.616371,9.0,1049.390816,9.0,1103.079191,10.0,1021.864194,8.0,2376.0,324.0740740740741,5.784053076587789,-0.9332116556572368
Deception Bay,460.9410923210545,1931.0785265416646,574.3626424155724,143.46293363306594,1295.7645736473712,4405.609768558728,893.2058566,1.0,873.8833705,1.0,935.8453745,2.0,869.4421269,1.0,19573.0,604.4040259541205,6.405896046638385,-0.24424786476051605
Deeragun,1734.14462906623,5320.617832904283,1304.9379826819566,413.2927685466885,3032.9978937514625,11805.99110695062,934.6557667,2.0,899.2200919,2.0,955.0036511,2.0,878.5361265,1.0,4273.0,2147.4373976129186,7.672496065072558,1.1590671074731678
Dimbulah,352.8205128205128,484.1025641025641,100.51282051282051,49.23076923076923,576.4102564102565,1563.076923076923,913.8191422,2.0,905.5219053,2.0,932.6390066,2.0,915.9503043,3.0,975.0,402.05128205128204,5.999063804598592,-0.6949929840821064
Dirranbandi,290.1639344262295,1244.2622950819673,383.60655737704917,68.85245901639345,1132.7868852459014,3119.6721311475408,913.0115984,2.0,915.7569157,2.0,929.5106834,2.0,921.243486,3.0,610.0,359.016393442623,5.886149567753982,-0.8200950185335737
Drayton,1593.491450634308,7411.472697186982,1192.4986210700497,361.8312189740761,3259.7904026475458,13819.084390512962,964.0838757,3.0,922.9977342,2.0,946.9891012,2.0,911.6415343,2.0,1813.0,1955.322669608384,7.578821801002163,1.055281780321928
Dunwich,1637.7204884667572,2607.8697421981,670.2849389416554,291.72320217096336,3991.858887381275,9199.457259158751,949.7941444,2.0,924.1667129,2.0,931.8730635,2.0,935.1316758,3.0,737.0,1929.4436906377205,7.565505147000059,1.0405277461602123
Dutton Park,3945.6419868791004,27694.001874414244,4224.929709465792,697.282099343955,11090.909090909092,47652.764761012186,997.3205722,5.0,1044.752419,9.0,912.2718106,1.0,1104.694216,10.0,2134.0,4642.924086223055,8.443314996048311,2.0130871066649294
Dysart,200.47978067169294,472.9266620973269,180.26045236463332,54.14667580534613,477.72446881425634,1385.5380397532558,972.1081238,3.0,930.7250546,3.0,975.755839,3.0,862.336806,1.0,2918.0,254.62645647703906,5.543717224490522,-1.1994890081789733
Edmonton,1097.2039617845562,3867.2977473924093,466.8244368481024,335.3492856516785,1623.1045665702516,7389.779998246998,967.4658042,3.0,931.582743,3.0,979.3769331,3.0,909.7430532,2.0,11409.0,1432.5532474362346,7.267911429688489,0.7108121981829728
Eidsvold,527.8810408921934,936.8029739776952,118.95910780669145,130.1115241635688,884.7583643122676,2598.5130111524163,772.789856,1.0,789.9548002,1.0,846.9202006,1.0,833.884152,1.0,538.0,657.9925650557622,6.490712252277652,-0.15027672191403363
Emerald,307.09876543209873,628.1535158346753,363.25818572195385,95.88030059044551,1030.059044551798,2424.4498121309716,1017.376325,6.0,978.9826523,5.0,1019.564537,5.0,927.3803045,3.0,14904.0,402.97906602254426,6.001363059842734,-0.6924455505891871
Emu Park,405.08548882069266,1361.2450679526523,448.92590968873304,166.59359929855327,1046.0324419114424,3427.8825076720736,969.3855687,3.0,936.7563549,3.0,987.0592666,3.0,923.6871008,3.0,2281.0,571.679088119246,6.350325504186686,-0.3058166103018455
Esk,252.89457647775748,828.7629494210847,528.9457647775746,64.59475929311395,1380.2559414990858,3055.4539914686166,906.7092028,1.0,873.6168053,1.0,943.4900728,2.0,868.0992672,1.0,1641.0,317.48933577087143,5.763588991785637,-0.9558846038476378
Eton,420.3296703296703,1331.043956043956,304.94505494505495,126.37362637362637,1009.6153846153845,3192.3076923076924,1009.950292,5.0,945.7539344,3.0,1062.431099,8.0,865.0358879,1.0,728.0,546.7032967032967,6.305733710948659,-0.3552215764939599
Eumundi,345.0479233226837,1612.6198083067093,484.8242811501597,111.42172523961662,1392.97124600639,3946.884984025559,1048.677972,8.0,1032.999592,8.0,1080.411998,9.0,1029.125724,8.0,2504.0,456.46964856230034,6.125710540574525,-0.5546761846245588
Farleigh,394.34889434889436,2542.997542997543,486.4864864864865,149.87714987714986,1530.7125307125307,5104.422604422604,1053.890688,8.0,997.7127558,6.0,1072.7429,8.0,926.6036572,3.0,814.0,544.2260442260442,6.301200468721858,-0.3602441302576145
Ferny Grove,1330.9487310509282,6612.1614716402655,1251.575540793732,324.47623914154315,3170.669391926418,12689.831374552887,1064.25322,9.0,1053.355459,9.0,1059.830665,8.0,1047.472315,9.0,5871.0,1655.4249701924714,7.412416926535129,0.8709154070441657
Finch Hatton,491.52542372881356,1069.6798493408664,474.5762711864407,122.4105461393597,1250.4708097928437,3408.662900188324,956.5963293,3.0,910.7195309,2.0,958.0589943,2.0,887.3552418,2.0,531.0,613.9359698681733,6.421518148350785,-0.2269395362339856
Fortitude Valley,2241.1413267408325,9775.545941491555,3195.096827358879,221.05480016481252,8599.093531108365,24031.93242686444,1036.608556,7.0,1062.861914,9.0,858.0728044,1.0,1092.944182,10.0,9708.0,2462.196126905645,7.809215024225831,1.3105433111488787
Gatton,441.9819131320851,1302.1271175646414,556.3622468475353,78.20659788561966,1352.3118074130684,3730.98968284295,880.6714178,1.0,879.6297974,1.0,918.7199027,1.0,879.4802272,1.0,7851.0,520.1885110177047,6.256111801680228,-0.410199602085099
Gayndah,299.12775782452536,873.2683427398666,435.09492047203696,90.30271934325295,1008.7224217547459,2706.5161621344278,870.3649088,1.0,856.0770662,1.0,913.1292632,1.0,857.8719273,1.0,1949.0,389.4304771677783,5.967249918007731,-0.7302408150691069
Gin Gin,942.9323968393327,3263.388937664618,1057.0676031606672,247.585601404741,3139.5961369622473,8650.570676031606,833.2232473,1.0,825.1059738,1.0,887.4739429,1.0,834.2701678,1.0,1139.0,1190.5179982440736,7.0829834019589715,0.5059233095665819
Gladstone,1378.5634004291408,4221.1096352304085,1323.7968734034944,574.9463574128947,4209.359354245427,11707.775620721366,942.3000931,3.0,942.4881828,4.0,904.4544519,4.0,925.8935058,4.0,9787.0,1953.5097578420355,7.577894677720949,1.0542545847095026
Goodna,1951.78519872967,6649.889327302473,1319.2185545183333,435.6654797420845,4326.725050524493,14683.283610817054,845.6963663,1.0,854.0414996,1.0,900.1619585,1.0,865.397629,1.0,10391.0,2387.450678471754,7.778400183034125,1.2764023610604815
Goombungee,819.8874296435272,2061.9136960600376,497.18574108818007,172.6078799249531,1247.65478424015,4799.249530956848,943.8745954,2.0,898.9794088,2.0,969.2761223,3.0,877.2902014,1.0,1066.0,992.4953095684803,6.901229340861935,0.30455098089958776
Goomeri,404.7267355982275,1336.7799113737076,265.87887740029544,84.19497784342688,1094.5347119645494,3186.1152141802067,849.3237729,1.0,840.025894,1.0,882.7488986,1.0,907.0962845,2.0,677.0,488.9217134416544,6.194245609853908,-0.4787435401882132
Goondiwindi,368.86035313001605,1482.1829855537721,418.6195826645265,74.15730337078652,1455.0561797752807,3798.876404494382,989.1264691,4.0,952.9523506,4.0,987.9168445,3.0,926.7316489,3.0,6230.0,443.01765650080256,6.095864328535242,-0.5877439531462785
Gordonvale,448.0126728110599,1433.7557603686637,175.40322580645162,106.5668202764977,762.0967741935484,2925.835253456221,986.3215741,4.0,948.6159927,3.0,1004.1164,4.0,921.2126284,3.0,6944.0,554.5794930875576,6.3200117007093795,-0.33940244139763476
Gracemere,400.56558263328617,1075.2723945770606,210.43000914913083,128.4205273226316,640.7718539466023,2455.4603676287115,951.3094048,2.0,914.1325732,2.0,986.8700146,3.0,879.2233834,1.0,12023.0,528.9861099559178,6.272850798572398,-0.3916538223463662
Gympie,716.8648172611186,2839.3659180977543,834.3461030383091,220.43152796125054,2256.8912373403787,6867.899603698811,876.525441,1.0,855.9802112,1.0,906.0491668,1.0,869.2383955,1.0,11355.0,937.2963452223692,6.8440658321827685,0.24121732668564425
Harrisville,623.688155922039,2064.4677661169417,1187.406296851574,134.93253373313343,2764.617691154423,6775.112443778111,994.037596,4.0,946.1854786,3.0,1024.803659,5.0,909.5036143,2.0,667.0,758.6206896551723,6.632819216133246,0.007169059812512054
Helidon,1021.2389380530973,3391.1504424778764,3286.725663716814,176.99115044247787,4676.991150442478,12553.097345132743,929.9462729,2.0,893.3391936,2.0,959.5565331,2.0,867.816717,1.0,1130.0,1198.2300884955753,7.089435036946922,0.5130713246006967
Hendra,2610.5006105006105,23739.72323972324,3612.128612128612,666.8701668701668,7928.3679283679285,38557.590557590556,1104.983298,10.0,1142.701375,10.0,1109.376117,10.0,1126.899302,10.0,4914.0,3277.3707773707774,8.095101863758591,1.6272883580792106
Herberton,592.1787709497207,1086.0335195530727,820.1117318435754,139.66480446927375,1941.8994413407822,4579.888268156425,907.4135501,1.0,879.3443665,1.0,905.4715699,1.0,881.6288229,1.0,895.0,731.8435754189945,6.596932275864636,-0.03259146431005559
Highfields,143.0905695611578,605.3921568627451,119.9813258636788,25.443510737628383,269.140989729225,1163.0485527544351,1080.463553,9.0,1047.081586,9.0,1087.674393,9.0,1015.846505,7.0,8568.0,168.53408029878617,5.133053970319559,-1.6544786534789586
Holland Park,569.599815476877,4350.709260754238,443.5474570407104,182.56256487141044,1209.664398569946,6756.083496713182,1046.474662,7.0,1070.377557,9.0,1019.543826,5.0,1093.094843,10.0,8671.0,752.1623803482875,6.624280849104788,-0.002290926067066765
Home Hill,335.1877607788595,877.260083449235,253.12934631432543,143.60222531293462,859.8748261474269,2469.054242002782,943.3929181,2.0,898.6754748,2.0,953.6396605,2.0,867.6408702,1.0,2876.0,478.78998609179416,6.173348479182778,-0.5018962765854338
Hope Vale,1892.4302788844623,1457.171314741036,294.8207171314741,759.9601593625498,3531.8725099601593,7936.254980079681,637.7226755,1.0,726.0692715,1.0,641.2548559,1.0,817.1812613,1.0,1004.0,2652.390438247012,7.8835935118911165,1.392950104006681
Howard,859.3974175035868,2809.899569583931,641.3199426111909,225.25107604017217,3017.2166427546626,7553.084648493544,838.5473435,1.0,818.8739024,1.0,903.5564255,1.0,816.9727961,1.0,1394.0,1084.6484935437588,6.989932777331172,0.4028289365874035
Hughenden,554.3575920934411,1042.2282120395328,386.3432165318958,141.06019766397122,1283.917340521114,3407.9065588499548,942.9530094,2.0,914.7569405,2.0,915.2368539,1.0,901.1561832,2.0,1113.0,695.4177897574123,6.545949752882825,-0.08907696626912698
Imbil,690.0093370681606,1649.859943977591,646.1251167133521,203.54808590102706,1985.9943977591038,5175.536881419234,920.9082148,2.0,889.7515245,2.0,965.6089884,3.0,890.3641433,2.0,1071.0,893.5574229691877,6.7963290964939,0.18832795755349563
Inala,885.0258626334053,5045.177764682774,744.9747921168074,201.85949060433444,1929.2869770182674,8806.324887055589,697.3341255,1.0,770.7803713,1.0,800.8897462,1.0,846.2603892,1.0,15273.0,1086.8853532377398,6.991991048001301,0.4051093739837901
Indooroopilly,569.0794303332843,4632.873293202173,510.6445455880194,82.95404492732345,1276.24431067391,7071.79562472471,1063.395683,9.0,1097.038615,10.0,985.6193209,3.0,1146.067311,10.0,13622.0,652.0334752606078,6.481628391761275,-0.16034108105092532
Ingham,898.5409652076319,1481.705948372615,561.1672278338945,255.8922558922559,1974.1863075196409,5171.492704826038,911.7934042,2.0,878.892568,1.0,902.5644247,1.0,858.1724489,1.0,4455.0,1154.4332210998878,7.05223063583314,0.4718511348358948
Inglewood,518.1623931623932,1121.7948717948718,525.6410256410256,87.6068376068376,1594.0170940170942,3847.222222222222,849.8962328,1.0,832.8273698,1.0,903.9684138,1.0,820.3484229,1.0,936.0,605.7692307692308,6.408148538820934,-0.24175224186567473
Jandowae,412.35059760956176,776.8924302788845,155.3784860557769,88.64541832669323,694.2231075697212,2127.490039840637,861.5811514,1.0,851.0080239,1.0,918.6323434,1.0,853.2109384,1.0,1004.0,500.996015936255,6.218592183278274,-0.4517690332312056
Jimboomba,1028.8293142934124,3288.2931429341234,568.772733396201,228.47905159638958,1718.8468274282636,6833.22106964839,1014.538014,5.0,980.1237178,5.0,1084.09034,9.0,924.7251863,3.0,7423.0,1257.308365889802,7.137523531141188,0.5663504205369274
Julia Creek,331.511839708561,550.0910746812386,102.00364298724955,56.466302367941715,1012.7504553734061,2052.823315118397,997.845833,5.0,963.1171334,4.0,977.2811736,3.0,936.1564974,3.0,549.0,387.9781420765027,5.963523152005029,-0.7343698427443693
Kalbar,231.9422150882825,439.0048154093098,104.3338683788122,32.90529695024077,638.0417335473514,1446.2279293739969,973.6482889,3.0,928.8631734,3.0,1001.348132,4.0,900.7081223,2.0,1246.0,264.8475120385233,5.582922881390563,-1.1560515500048452
Karana Downs,1912.8947368421052,6757.894736842105,1161.578947368421,458.42105263157896,3342.8947368421054,13633.684210526315,1074.403342,9.0,1054.267011,9.0,1089.655303,9.0,1052.408682,9.0,3800.0,2371.315789473684,7.771621883412171,1.2688924216894604
Karumba,445.5852156057495,568.7885010266941,657.0841889117042,69.81519507186857,1494.8665297741272,3236.139630390144,902.7521783,1.0,872.6410511,1.0,896.0300921,1.0,814.0758623,1.0,487.0,515.4004106776181,6.246882454242539,-0.4204251517888379
Kenilworth,478.47682119205297,1049.6688741721853,562.9139072847682,74.50331125827815,1299.6688741721853,3465.2317880794703,998.8507547,5.0,943.7978566,3.0,1009.228592,5.0,922.8679592,3.0,604.0,552.9801324503311,6.317128824101214,-0.3425964914911614
Kilcoy,397.7955911823647,1220.4408817635272,571.1422845691383,71.14228456913828,1664.8296593186374,3925.3507014028055,915.8623756,2.0,882.3123845,1.0,961.0915824,2.0,848.8330159,1.0,1996.0,468.937875751503,6.152600506715536,-0.524883754860357
Kilkivan,407.83744557329464,1139.33236574746,629.8984034833092,76.92307692307693,1346.8795355587808,3600.8708272859217,911.0493503,2.0,884.3162514,1.0,945.3041041,2.0,899.355061,2.0,689.0,484.76052249637155,6.1857157503932205,-0.4881941002055975
Killarney,276.6884531590414,522.8758169934641,259.25925925925924,34.85838779956428,822.4400871459695,1916.1220043572985,922.6855003,2.0,879.2811534,1.0,947.1368555,2.0,846.1014873,1.0,918.0,311.5468409586057,5.74475434901145,-0.9767522304203616
Kingaroy,396.9413598285603,1278.4921098772647,795.6360802649523,93.51256575102279,1460.744204169102,4025.326319890902,924.3029182,2.0,900.6323051,2.0,937.2954821,2.0,899.0359115,2.0,10266.0,490.4539255795831,6.197368192730422,-0.4752839102822629
Kirwan,1526.0827718960538,4101.539942252166,855.1491819056786,414.00384985563045,2017.8055822906642,8914.581328200193,972.0708213,3.0,944.2886013,3.0,978.7975521,3.0,935.2248515,3.0,20780.0,1940.0866217516843,7.571003209556898,1.0466192615494412
Kowanyama,3760.8897126969414,2524.5597775718256,309.5458758109361,1046.339202965709,4623.725671918443,12265.060240963856,528.1234095,1.0,686.2507854,1.0,509.3813028,1.0,765.2425096,1.0,1079.0,4807.22891566265,8.478084086492357,2.0516091218875374
Kuranda,607.6993583868011,1358.6923311946227,262.7558814543233,194.92820042774215,1526.1228230980753,3950.1985945615643,944.4529466,2.0,938.7890523,3.0,941.0075892,2.0,979.1996121,5.0,3273.0,802.6275588145432,6.689135926547052,0.06956451359463249
Laidley,1236.807561039643,4147.282751378315,1245.4712522971909,235.49488054607508,2802.8353898661067,9667.89183512733,845.311051,1.0,833.8964696,1.0,903.4632286,1.0,837.6177224,1.0,3809.0,1472.302441585718,7.295261718934306,0.7411146376547684
Leyburn,524.7349823321555,1008.8339222614842,385.1590106007067,79.50530035335689,971.7314487632509,2969.964664310954,850.4059052,1.0,838.5378174,1.0,942.0156904,2.0,874.7350175,1.0,566.0,604.2402826855124,6.405625540646761,-0.24454756877330644
Lockhart River,2635.9375,1393.75,328.125,865.625,3475.0,8698.4375,621.5972942,1.0,743.6210056,1.0,582.3854785,1.0,793.7255873,1.0,640.0,3501.5625,8.161250122448813,1.700576563081711
Loganholme,791.0999408633944,5747.930218805441,688.3500887049083,204.1691306918983,1612.2117090479007,9043.761088113542,999.5600943,5.0,963.0316944,4.0,1015.349653,5.0,939.3500257,4.0,6764.0,995.2690715552927,6.904017373264022,0.30763994944212586
Longreach,391.48527528809217,631.562099871959,468.62996158770807,83.86683738796415,1509.6030729833547,3085.147247119078,1008.383234,5.0,979.9838613,5.0,966.276563,3.0,971.6376741,5.0,3124.0,475.3521126760563,6.166157313276901,-0.5098636464233154
Lowood,859.6276335129838,2558.3047525722686,394.41450269475746,161.93042626163646,1425.5267025967664,5399.804017638412,858.4724593,1.0,843.1646858,1.0,942.3283007,2.0,836.3462706,1.0,4082.0,1021.5580597746202,6.930062668480578,0.33649653573747723
Mackay Northern Beaches,1200.0322893122377,4094.2847917339363,1184.3719728769777,348.5631256054246,2775.427833387149,9602.680012915725,953.8952336,3.0,917.5881356,2.0,935.4848597,2.0,904.4764268,2.0,6194.0,1548.5954149176623,7.345749153207189,0.7970516117536541
Macleay Island,284.99843407453807,522.3927341058566,228.62511744440963,124.0212965862825,729.0948950829941,1889.1324772940807,844.7888033,1.0,843.7755393,1.0,882.9737075,1.0,888.6004335,2.0,3193.0,409.0197306608206,6.016205282103429,-0.6760012805619355
Malanda,278.0,888.0,211.0,67.5,703.0,2147.5,934.9746227,2.0,910.6911872,2.0,937.5477128,2.0,917.8489219,3.0,2000.0,345.5,5.847882818629958,-0.8624922245993372
Maleny,166.4561758019702,527.9110886587522,157.61555948471837,30.56327355392776,434.45314473351857,1316.9992422328871,1005.061923,5.0,990.4773434,6.0,993.9456315,4.0,1031.458467,8.0,3959.0,197.01944935589796,5.288365254940568,-1.4824032959126854
Mango Hill North Lakes,228.37342889515426,1356.565044399357,131.85423309003716,54.72846565307897,393.77091512740117,2165.2920871650285,1041.055203,7.0,1026.054982,8.0,1042.173724,6.60683513,1016.88194,7.0,37951.0,283.10189454823325,5.649332957434293,-1.0824732674665627
Marburg,1334.649555774926,3760.1184600197435,746.2981243830206,1062.1915103652518,3434.3534057255674,10337.611056268508,1008.211238,5.0,968.565267,4.0,1031.474212,6.0,937.8110173,3.0,1013.0,2396.8410661401776,7.782324055718011,1.2807497708238593
Mareeba,770.6553911205074,1600.0,270.95137420718817,286.25792811839324,1836.955602536998,4764.820295983086,922.2330175,2.0,906.2463984,2.0,939.2324602,2.0,893.5366598,2.0,11825.0,1056.9133192389006,6.964053680176163,0.3741564875293255
Marian,85.70075757575756,338.30492424242425,54.92424242424242,26.988636363636363,319.36553030303025,825.284090909091,1052.323664,8.0,994.5195756,6.0,1086.405198,9.0,913.3959683,2.0,4224.0,112.68939393939392,4.733470115309618,-2.097193005474246
Maroochydore,600.7562169761015,3328.5665810267096,525.8616510737312,138.54282805758882,2103.5435551892965,6697.270832323428,1000.096568,5.0,987.04506,6.0,952.9882802,2.0,992.3326834,6.0,20629.0,739.2990450336904,6.607054219476169,-0.02137697290673935
Maryborough,703.0156341989926,2289.723294302348,414.33898083338784,303.78753188984103,1585.5301890495193,5296.395630274089,829.6239627,1.0,822.6079619,1.0,867.6865785,1.0,832.3610479,1.0,15287.0,1006.8031660888337,6.915528157826038,0.3203931912571721
Middlemount,91.62717219589257,271.7219589257504,25.276461295418642,33.17535545023697,299.10479199578725,720.9057398630858,1019.670907,6.0,971.8296326,5.0,944.2543027,2.0,906.779996,2.0,1899.0,124.80252764612953,4.834713436641033,-1.9850216280897093
Miles,491.9957310565635,1775.880469583778,300.9605122732124,141.4087513340448,1465.8484525080041,4176.093916755603,917.6330985,2.0,897.3017983,2.0,922.8232141,1.0,889.4646165,2.0,1874.0,633.4044823906083,6.452686735854644,-0.19240665697379616
Millaa Millaa,443.5946462715105,615.6787762906309,183.5564053537285,59.27342256214149,642.4474187380497,1944.5506692160611,905.2444179,1.0,898.5195348,2.0,930.078127,2.0,932.1391126,3.0,523.0,502.868068833652,6.222314465616898,-0.4476449731801644
Millmerran,392.8802588996764,1176.051779935275,214.88673139158576,65.37216828478964,771.5210355987056,2620.7119741100323,911.0953088,2.0,878.134761,1.0,936.4988972,2.0,850.5309539,1.0,1545.0,458.252427184466,6.129600009186258,-0.5503668924585718
Mirani,250.2768549280177,570.874861572536,171.6500553709856,60.90808416389812,476.19047619047615,1529.9003322259136,974.7924283,3.0,934.8840721,3.0,1011.739696,5.0,894.1933971,2.0,1806.0,311.18493909191585,5.743595765700249,-0.97803586951994
Miriam Vale,659.2292089249493,2549.6957403651118,1894.523326572008,239.35091277890467,6760.649087221095,12103.448275862069,858.7687115,1.0,822.9503085,1.0,931.1326907,2.0,801.3131456,1.0,493.0,898.5801217038539,6.8019281230244975,0.19453133482016768
Mission Beach,732.7416173570019,1795.8579881656804,597.6331360946746,154.83234714003947,2151.873767258383,5432.9388560157795,999.4617976,5.0,964.0060525,4.0,978.6636179,3.0,957.5596319,4.0,1014.0,887.5739644970414,6.789617890609416,0.1808923539198546
Mitchell,482.4120603015075,839.1959798994975,389.94974874371854,89.44723618090453,1255.2763819095478,3056.281407035176,905.1062986,1.0,890.388804,2.0,926.3486973,1.0,855.9728229,1.0,995.0,571.859296482412,6.350640130683842,-0.30546802348067514
Monto,253.46020761245674,955.8823529411765,195.50173010380624,56.22837370242215,764.7058823529411,2225.778546712803,863.8288752,1.0,853.1514782,1.0,891.8653091,1.0,853.6526856,1.0,1156.0,309.6885813148789,5.738791064242732,-0.9833591834267107
Moorooka,358.99100435871276,3592.4139849763515,370.7688027450617,83.46471297412594,1011.6850598163776,5417.3235648706295,1035.686191,7.0,1043.327563,9.0,973.8772567,3.0,1079.447048,10.0,10783.0,442.45571733283873,6.094597948585981,-0.5891470242953949
Moranbah,231.51193633952255,599.5755968169761,176.55172413793102,67.79840848806366,727.7453580901857,1803.183023872679,1036.305502,7.0,997.6758667,6.0,997.4457087,4.0,924.0270097,3.0,9425.0,299.3103448275862,5.704816422706266,-1.0210009980884034
Morningside,493.83241173968526,4286.005954912804,354.0621012335177,113.14334325818801,1152.190557209698,6399.234368353892,1068.966567,9.0,1088.760723,10.0,1000.649963,4.0,1104.281891,10.0,11755.0,606.9757549978733,6.410135004522838,-0.2395513599607812
Mossman,1684.2377260981912,3075.452196382429,814.4702842377261,532.2997416020671,3385.0129198966406,9491.472868217053,911.5915937,2.0,877.3622108,1.0,914.1076932,1.0,885.0301424,2.0,1935.0,2216.5374677002583,7.704152610410895,1.1941406140229325
Mount Garnet,759.3984962406015,1678.5714285714287,669.172932330827,161.65413533834587,2285.714285714286,5554.511278195489,810.6567268,1.0,829.8641193,1.0,865.159061,1.0,867.2610671,1.0,532.0,921.0526315789474,6.826602306069382,0.22186881310105885
Mount Morgan,815.6590683845392,1675.9167492566899,546.0852329038653,280.4757185332012,1592.6660059464816,4910.8027750247775,771.9355234,1.0,778.5930857,1.0,834.4765074,1.0,782.554064,1.0,2018.0,1096.1347869177403,7.000457321385417,0.41448948453648116
Mount Perry,219.71252566735114,591.3757700205339,320.3285420944558,65.70841889117044,445.5852156057495,1642.7104722792608,865.0201443,1.0,872.6238351,1.0,930.0063637,2.0,882.2625099,1.0,487.0,285.42094455852157,5.657462562854356,-1.0734661643256438
Moura,310.0852985449072,1053.1861515303563,189.66382338183644,104.86703462117411,890.6171600602107,2548.4194681384847,935.4735708,2.0,904.7197102,2.0,946.2998566,2.0,867.9246002,1.0,1993.0,414.9523331660813,6.030570669960664,-0.660085313746363
Mourilyan,567.7799607072691,1159.1355599214146,715.1277013752456,131.63064833005893,1929.2730844793714,4502.946954813359,948.4229417,2.0,901.3298861,2.0,970.6522647,3.0,870.6395081,1.0,509.0,699.410609037328,6.551666747409099,-0.08274288771383312
Mudgeeraba,382.49416929619974,1690.4925229798328,261.6271093428454,82.38441487172452,575.9363424338043,2992.9345589244067,1032.303019,7.0,1017.21327,7.0,1052.370964,7.0,1007.295186,7.0,14578.0,464.87858416792426,6.143925051180989,-0.5344956263789032
Mundubbera,250.0,562.5,605.3571428571428,41.07142857142857,1293.75,2752.6785714285716,886.7645389,1.0,877.9110616,1.0,898.5261676,1.0,853.2146066,1.0,1120.0,291.07142857142856,5.676998390749383,-1.0518216677355017
Murgon,886.0360360360361,3947.747747747748,1369.3693693693695,286.4864864864865,3122.9729729729734,9612.612612612613,864.0061157,1.0,858.1112523,1.0,893.2503517,1.0,880.7047149,1.0,2220.0,1172.5225225225226,7.067765207712376,0.48906248568706756
Nambour,631.947303417044,2250.9674763277067,479.20955125566076,191.60148209139564,1743.2688349114862,5296.994648003293,929.6530301,2.0,904.7525034,2.0,935.9564049,2.0,919.2064005,3.0,12145.0,823.5487855084397,6.7148363100593045,0.09803895892069364
Nanango,537.6460994835553,1337.319923892362,787.1704267463984,156.56428377276436,1482.7398749660235,4301.440608861103,839.6067878,1.0,827.0302766,1.0,889.7391443,1.0,840.72299,1.0,3679.0,694.2103832563197,6.544214509478771,-0.09099950930871122
Nebo,315.05250875145856,1528.588098016336,184.36406067677947,57.17619603267212,1260.2100350058342,3345.3908984830805,941.7793007,2.0,906.0822364,2.0,982.9470549,3.0,835.888101,1.0,857.0,372.2287047841307,5.92219138129974,-0.7801629043387992
Nerang,727.6513374002816,3057.778038479587,755.3965274519005,178.96527451900516,1469.7325199436884,6189.523697794462,972.1660864,3.0,943.0008394,3.0,984.579672,3.0,929.2623283,3.0,17048.0,906.6166119192867,6.810822055866533,0.20438526576728583
Noosa Heads,994.921875,4967.7734375,1375.390625,214.453125,4550.9765625,12103.515625,1059.629461,8.0,1063.410256,9.0,1038.621004,6.0,1069.442332,9.0,5120.0,1209.375,7.0986855079316955,0.5233202778963031
Normanton,3099.9281092739034,2820.273184759166,996.4054636951834,877.0668583752696,3834.6513299784324,11628.324946081955,812.7658867,1.0,847.5029853,1.0,795.2790786,1.0,868.2521934,1.0,1391.0,3976.994967649173,8.28853319436766,1.8415983836533165
Oakey,333.89402859545834,1226.2405382674517,280.067283431455,83.2632464255677,915.8957106812447,2839.3608074011777,887.2849712,1.0,859.9889936,1.0,939.614019,2.0,841.0318353,1.0,4756.0,417.15727502102607,6.035857617789369,-0.6542277005003027
Palm Beach,534.7116031561563,2766.9582237445716,377.39311272860726,102.51391522417273,915.7746651171326,4697.35151997064,1037.999736,7.0,1033.639856,8.0,1000.818251,4.0,1032.315004,8.0,16349.0,637.225518380329,6.458691697971638,-0.18575352802714465
Palm Island,3849.859681945744,3717.025257249766,629.5603367633303,1364.826941066417,4744.153414405987,14305.425631431244,566.9441807,1.0,706.884793,1.0,570.295082,1.0,851.2493588,1.0,2138.0,5214.686623012161,8.559426021857629,2.141730986807187
Palmwoods,182.79062450841593,828.5354727072518,233.12883435582822,60.09123800534844,531.5400346075193,1836.0862041843639,1023.84531,6.0,997.5390495,6.0,1043.498847,7.0,983.7549793,6.0,6357.0,242.88186251376436,5.496683938019492,-1.2515989988133864
Petrie,1783.6505388672324,8889.704196285256,1699.3808759458839,481.4262783765191,4213.941756477871,17068.103645952764,1007.475021,5.0,978.4572194,5.0,1011.744405,5.0,968.3208062,5.0,8722.0,2265.0768172437515,7.725805340944408,1.218130508626743
Pimpama,620.259339051258,2439.616275761148,316.57249705296533,139.70976789561402,923.9461810495509,4440.104060810536,995.2764739,4.0,974.281594,5.0,1006.587832,4.0,959.599513,5.0,24601.0,759.9691069468721,6.634592761698477,0.00913403929254117
Pittsworth,232.42424242424244,808.7878787878789,98.18181818181817,64.54545454545455,487.57575757575756,1691.5151515151515,962.1016857,3.0,919.0671395,2.0,969.3168211,3.0,887.8484757,2.0,3300.0,296.969696969697,5.696991793313676,-1.0296702065354202
Pomona,186.6257250085295,649.6076424428522,226.5438416922552,49.81235073353804,682.360968952576,1794.950528829751,1019.279669,6.0,980.5486026,5.0,1031.791416,6.0,968.0541231,5.0,2931.0,236.43807574206755,5.46990685576014,-1.2812663601748178
Pormpuraaw,3909.983633387889,1826.5139116202947,363.33878887070375,1147.2995090016366,5774.140752864157,13021.27659574468,547.204349,1.0,706.0980262,1.0,512.2059331,1.0,758.922157,1.0,611.0,5057.283142389526,8.52878240478325,2.107779742516955
Port Douglas,272.87671232876716,1225.4794520547944,191.2328767123288,37.53424657534247,972.6027397260274,2699.72602739726,998.5953717,5.0,970.0119801,5.0,948.2301721,2.0,961.1756923,5.0,3650.0,310.41095890410963,5.741113451150955,-0.9807861214717156
Proserpine,506.3641394576647,1569.175428887659,602.6563364692861,141.67127836192583,1993.3591588267848,4813.2263420033205,930.1561643,2.0,890.0600111,2.0,933.2699632,2.0,869.8632508,1.0,3614.0,648.0354178195905,6.475487288126584,-0.16714504643160943
Quilpie,200.0,413.20754716981133,120.75471698113208,26.41509433962264,462.26415094339626,1222.6415094339623,976.1572521,3.0,942.4280377,3.0,945.8765783,2.0,901.0444873,2.0,530.0,226.41509433962264,5.426776957036222,-1.329051637096746
Ravenshoe,901.6516516516516,1626.126126126126,466.966966966967,329.57957957957956,1832.5825825825825,5156.906906906907,842.0907592,1.0,832.7207342,1.0,897.0578065,1.0,844.988475,1.0,1332.0,1231.231231231231,7.116581814170022,0.5431482852596458
Redcliffe,1762.6195028680688,6986.5200764818355,1423.9005736137667,524.7609942638624,3515.1051625239006,14212.906309751434,934.5479442,2.0,923.8054401,2.0,919.0994098,1.0,937.5222643,3.0,10460.0,2287.3804971319314,7.735599639867204,1.228981989852745
Redland Bay,162.17166979362102,737.0426829268292,121.71669793621014,49.60131332082551,365.44324577861164,1435.9756097560976,1039.283305,7.0,1013.128605,7.0,1073.432661,8.0,969.2847264,5.0,17056.0,211.77298311444653,5.360225790358854,-1.4027862393853407
Richmond,368.5121107266436,880.6228373702421,131.4878892733564,114.18685121107266,1209.3425605536331,2704.152249134948,989.441188,4.0,953.9514826,4.0,981.847022,3.0,899.0945353,2.0,578.0,482.69896193771626,6.181462733739631,-0.4929061812574518
Robina,267.6643672785378,1896.3326707977708,179.50816477649167,52.92489964534861,462.1770139132468,2858.607116411396,1039.79441,7.0,1035.029448,8.0,1017.660357,5.0,1032.661698,8.0,25659.0,320.5892669238864,5.773275162754997,-0.9451529217482472
Roma,436.67739105001465,1305.49868382568,602.2228721848494,81.16408306522375,1647.4115238373795,4072.9745539631467,988.2278184,4.0,953.324813,4.0,953.2372356,2.0,929.4928555,3.0,6838.0,517.8414741152384,6.251598391643439,-0.41520018300115286
Rosewood,627.3368066196751,1685.565430585351,318.1121667177444,146.49095923996322,1063.1320870364696,3840.637450199203,881.4661089,1.0,862.794456,1.0,911.3390086,1.0,862.5966499,1.0,3263.0,773.8277658596384,6.652640767054446,0.0291301199544494
Runaway Bay,897.2926514825956,3974.0008594757196,495.27288354103996,195.63816072195962,1259.8839707778257,6822.08852599914,1023.257288,6.0,1011.750535,7.0,1013.826872,5.0,998.778115,6.0,9308.0,1092.9308122045552,6.997532738024561,0.4112492259243677
Russell Island,328.8263926446728,845.0513791238508,371.55219037317465,126.01406165494863,745.5381287182261,2416.9821525148727,799.4720761,1.0,796.9641558,1.0,868.7625512,1.0,838.0843234,1.0,3698.0,454.84045429962146,6.1221428673698925,-0.5586289472577755
Sandgate,1068.0064961429152,5247.259439707674,929.3544457978076,294.35647584246857,2923.8733252131547,10462.85018270402,1030.549684,6.0,1040.558121,8.0,998.183744,4.0,1061.562272,9.0,4926.0,1362.3629719853839,7.2177096999750106,0.6551917671758385
Sarina,468.41074924363767,1647.0902295782168,437.8003203416978,136.3231891795693,1463.9615589962627,4153.586047339385,951.8350701,2.0,908.49947,2.0,988.0235103,3.0,850.9168331,1.0,5619.0,604.733938423207,6.406440844154358,-0.2436442625973441
Seaforth,352.5,1026.25,172.5,106.25,576.25,2233.75,986.5630099,4.0,923.0572565,2.0,1004.994572,4.0,866.2637205,1.0,800.0,458.75,6.130682863484431,-0.5491671564509472
Sherwood,412.19993423216044,4113.61394278198,366.9845445577113,74.8109174613614,918.4478789871753,5886.057218020388,1071.230421,9.0,1095.410309,10.0,1024.380996,5.0,1126.249433,10.0,6082.0,487.01085169352183,6.190337642682796,-0.4830733276210279
Sippy Downs,200.62370062370064,822.5051975051974,139.63963963963963,42.01316701316701,396.4830214830215,1601.264726264726,1004.758045,5.0,986.9841979,6.0,1006.603349,4.0,984.0521249,6.0,11544.0,242.63686763686766,5.495678869363178,-1.2527125531107193
Smithfield,985.8943577430972,4254.201680672269,608.9435774309724,226.7406962785114,1802.8211284513807,7878.601440576231,1041.549375,7.0,1020.961838,7.0,1027.572401,6.0,1017.817464,7.0,6664.0,1212.6350540216085,7.101375311946124,0.5263004154226614
South Kolan,651.8282988871225,1263.9109697933227,386.3275039745628,123.2114467408585,1267.0906200317963,3692.368839427663,954.1086589,3.0,903.0191212,2.0,1010.114231,5.0,857.0117289,1.0,1258.0,775.039745627981,6.654203737464351,0.03086179510481742
Southport,817.5664655031806,3996.8194421790895,699.8314576197466,192.13831348882727,1588.5663023976513,7294.921981188495,956.1539104,3.0,967.7621237,4.0,890.7181749,1.0,1003.164687,7.0,36786.0,1009.7047789920078,6.918403167467586,0.3235785252352094
Springfield,1636.3015569516526,5776.017481562414,646.5446599289811,315.35099699535647,2184.102704179186,10558.317399617592,1014.330524,5.0,992.6897463,6.0,1040.689368,6.0,981.1664495,6.0,7322.0,1951.652553947009,7.576944011284954,1.0532013047285969
Springsure,126.31578947368422,312.63157894736844,157.89473684210526,48.421052631578945,734.7368421052631,1380.0,980.7432411,4.0,947.4340164,3.0,987.7114228,3.0,909.0405697,2.0,950.0,174.73684210526318,5.168987660777214,-1.6146663330203055
Springwood,806.5911431513904,5868.383110195675,592.3789907312049,216.0659114315139,1625.849639546859,9109.268795056643,1027.194076,6.0,1006.342048,7.0,1013.982344,5.0,998.6222336,6.0,9710.0,1022.6570545829043,6.931136841871484,0.33768665383339913
Stafford,1043.9954141587848,9279.306391516193,1356.2625394095728,279.1630839782173,2764.2591000286616,14722.986529091431,1011.675716,5.0,1022.318073,8.0,958.8758629,2.0,1050.818768,9.0,6978.0,1323.158498137002,7.188532440915932,0.6228651574407745
Stanthorpe,338.06280741581537,892.7355278093077,780.5524025728339,66.96935300794551,1569.9962164207338,3648.3163072266366,913.1038473,2.0,890.2541468,2.0,926.2251268,1.0,887.6454504,2.0,5286.0,405.0321604237609,6.006432369330965,-0.6868290672478118
Surfers Paradise,666.5909435105254,2689.1564440405873,790.2468574890202,85.49144328335605,2294.0330152960773,6525.518703619567,986.3086771,4.0,995.7748093,6.0,912.7858547,1.0,1010.523082,7.0,26412.0,752.0823867938815,6.624174633227759,-0.0024086067305391983
Tannum Sands,307.44212741534346,979.146738090683,356.2272814233786,137.1723742108284,1096.8050506982975,2876.793571838531,1008.871193,5.0,976.9572313,5.0,1021.062316,5.0,943.2548328,4.0,5227.0,444.6145016261719,6.0994542321279,-0.5837665606094621
Tara,827.2727272727273,2363.131313131313,987.8787878787879,124.74747474747474,2145.4545454545455,6448.484848484848,769.7739291,1.0,791.4671533,1.0,862.4569689,1.0,834.2877451,1.0,1980.0,952.020202020202,6.85963610177181,0.2584682284052165
Taroom,168.36158192090394,419.2090395480226,135.59322033898306,47.45762711864407,746.8926553672316,1517.5141242937852,978.5842587,3.0,934.1117508,3.0,979.8181557,3.0,899.1419842,2.0,885.0,215.819209039548,5.379063868221455,-1.3819148069457823
Texas,360.75949367088606,1074.6835443037974,536.7088607594936,62.0253164556962,1411.392405063291,3445.569620253165,846.614812,1.0,834.8291778,1.0,880.8421346,1.0,833.5193382,1.0,790.0,422.7848101265823,6.049225803112059,-0.6394165728026119
The Gap,119.75978750433075,1007.67987065481,168.49520729876429,26.67744543249798,344.95900219424874,1667.5713130846518,1093.496228,10.0,1108.933492,10.0,1095.640003,9.0,1124.927436,10.0,17318.0,146.43723293682874,4.993402545800954,-1.809203848543296
Thursday Island,1329.0552584670231,1787.5222816399287,255.2584670231729,291.97860962566847,1406.7736185383244,5070.588235294117,914.902265,2.0,945.0611104,3.0,834.1065292,1.0,986.5832842,6.0,2805.0,1621.0338680926916,7.3914361149090855,0.8476699572921282
Tiaro,1303.3419023136248,4235.21850899743,958.8688946015425,429.3059125964011,3012.853470437018,9939.588688946016,848.4604669,1.0,837.8021438,1.0,933.1178506,2.0,848.5682282,1.0,778.0,1732.6478149100258,7.457983031123534,0.9213998503290506
Tieri,94.26229508196721,301.91256830601094,49.18032786885246,28.688524590163937,244.53551912568307,718.5792349726776,1047.748901,8.0,1000.80721,6.0,975.9985927,3.0,920.923739,3.0,732.0,122.95081967213115,4.819884871384959,-2.001450766995233
Tin Can Bay,552.9873528129089,1350.6323593545574,256.4326210204972,165.72176188399476,1475.3597906672483,3801.133885739206,887.5438728,1.0,863.6361377,1.0,907.0979981,1.0,875.3671666,1.0,2293.0,718.7091146969036,6.578847123011726,-0.052628702115403325
Toogoolawah,384.16666666666663,1013.3333333333334,160.0,68.33333333333333,947.5,2573.333333333333,929.8659,2.0,885.9711454,1.0,966.1375342,3.0,863.6058855,1.0,1200.0,452.49999999999994,6.116995269555191,-0.5643321692530969
Tully,841.6385135135134,1627.5337837837837,532.9391891891892,217.48310810810813,2319.6790540540537,5539.273648648648,910.7506749,2.0,885.5913858,1.0,907.150123,1.0,852.080545,1.0,2368.0,1059.1216216216217,6.966138917903171,0.37646680276727595
Upper Mount Gravatt,1132.1296296296298,9901.944444444443,804.8148148148148,183.14814814814815,3019.4444444444443,15041.481481481482,1006.025534,5.0,1018.120287,7.0,941.8602138,2.0,1050.584452,9.0,10800.0,1315.2777777777778,7.182563166950312,0.616251568772369
Walkerston,126.69432918395573,634.3015214384509,108.43706777316736,60.85753803596127,336.3762102351314,1266.6666666666665,1028.20228,6.0,968.4007089,4.0,1043.454518,7.0,893.7988118,2.0,3615.0,187.551867219917,5.23937312670448,-1.5366835628277988
Wandoan,418.9189189189189,806.3063063063063,771.7717717717718,75.07507507507508,1743.2432432432431,3815.3153153153153,871.5926153,1.0,875.1088638,1.0,906.3188283,1.0,895.2081065,2.0,666.0,493.99399399399397,6.204545629149614,-0.46733175187178144
Warwick,352.9363917358061,1106.39336261591,488.3683097445908,82.96730112249878,1319.66813079551,3350.3334960143156,898.4628812,1.0,874.1178885,1.0,917.5193603,1.0,866.0029097,1.0,12294.0,435.9036928583049,6.079712788332529,-0.6056388669795519
Weipa,1494.579945799458,1926.8292682926829,228.54561878952123,518.970189701897,3050.1355013550137,7219.060523938572,1045.481781,7.0,1032.417624,8.0,1008.114001,4.0,945.4803452,4.0,2214.0,2013.550135501355,7.608151191639343,1.0877769424951664
West End,647.0468431771894,4207.603530210455,506.449422946368,77.05363204344874,1382.3489477257299,6820.502376103191,1054.22359,8.0,1100.803484,10.0,940.798896,2.0,1151.337505,10.0,14730.0,724.1004752206381,6.586310231763677,-0.04436003631831264
Winton,339.9532710280374,656.5420560747664,212.61682242990653,88.78504672897196,1376.1682242990653,2674.0654205607475,970.285861,3.0,926.99219,2.0,936.1150444,2.0,895.5702916,2.0,856.0,428.7383177570094,6.0631764600819755,-0.623960102319861
Wondai,398.4810126582278,1123.0379746835445,487.0886075949367,90.63291139240506,1045.0632911392406,3144.3037974683543,896.9391576,1.0,871.8707249,1.0,923.1486034,1.0,880.9865371,1.0,1975.0,489.1139240506329,6.194637862143702,-0.47830894875986196
Woodford,536.7976131277971,744.654400795624,515.1665837891596,233.9632023868722,1466.1859771258082,3496.7677772252614,959.6140221,3.0,922.6670546,2.0,1014.61504,5.0,885.6979843,2.0,4022.0,770.7608155146694,6.648674677556398,0.024735936555724106
Woorabinda,2801.766437684004,3723.258096172718,989.2051030421982,1275.7605495583905,6657.507360157017,15447.497546614328,492.4761137,1.0,658.6735642,1.0,513.1513378,1.0,816.2933995,1.0,1019.0,4077.526987242394,8.313491169671641,1.869250286314752
Wynnum,606.0131091479054,3276.2895411798236,670.9888857224281,161.0857794243374,1626.3892846964948,6340.766600170989,1030.757405,6.0,1031.26829,8.0,1015.570439,5.0,1029.874843,8.0,14036.0,767.0988885722428,6.64391848602044,0.01946636866050768
Yamanto,2233.956950311808,7837.054918527459,1203.781935224301,510.5612552806277,4246.630456648561,16031.98551599276,1009.962283,5.0,961.08722,4.0,1029.029733,6.0,920.3837134,3.0,4971.0,2744.518205592436,7.917725117763209,1.430765825504853
Yarrabah,2138.12375249501,1565.2694610778444,205.18962075848304,684.2315369261477,2570.8582834331337,7163.672654690619,512.4605016,1.0,677.6226035,1.0,568.868629,1.0,787.5902336,1.0,2505.0,2822.355289421158,7.945681275602236,1.4617395301398284
Yarraman,252.88376220053237,903.2830523513753,420.5856255545696,62.11180124223603,1057.675244010648,2696.539485359361,849.3216558,1.0,836.1138755,1.0,905.8852814,1.0,842.0823646,1.0,1127.0,314.9955634427684,5.7557281737502795,-0.964593907086603
Yeppoon,622.7085405712661,2480.886741509166,482.30780162000855,205.05897399459997,1837.9991473639334,5628.961205058974,951.3714229,2.0,927.917314,3.0,955.4534537,2.0,913.2835299,2.0,7037.0,827.7675145658661,6.7199396749912275,0.10369317360055239
Yungaburra,206.7610062893082,658.0188679245283,146.22641509433961,47.9559748427673,726.4150943396226,1785.3773584905662,1025.749234,6.0,987.7208804,6.0,1005.045224,4.0,982.2039161,6.0,1272.0,254.7169811320755,5.5440712904638945,-1.1990967248421975
